No.,Name,Comment
0,Thá»§y TiÃªn,"Dáº¡ em cáº£m Æ¡n má»i ngÆ°á»i áº¡, Ä‘áº§u nÄƒm em Ä‘i chÃ¹a hÃ nh hÆ°Æ¡ng tu táº­p cáº§u nguyá»‡n bÃ¬nh an cho gia Ä‘Ã¬nh cÅ©ng nhÆ° táº¥t cáº£ má»i ngÆ°á»i, mong má»i ngÆ°á»i cÅ©ng cÃ³ 1 nÄƒm má»›i bÃ¬nh an vÃ  luÃ´n nhiá»u sá»©c khoáº» nhÃ© áº¡ ğŸ¥°"
1,Äá»©c Thá»‹ Há»£p,ChÃºc gia Ä‘Ã¬nh em sá»©c khá»e bÃ¬nh an háº¡nh phÃºc mÃ£i mÃ£i xinh Ä‘áº¹p nha
2,Hien Vu,ChÃºc chá»‹ nhiá»u sá»©c khá»e .LuÃ´n yÃªu máº¿n chá»‹ .
3,Minh Phan,"ChÃºc con tháº­t nhiá»u sá»©c khá»e , chÃºc gia Ä‘Ã¬nh luÃ´n háº¡nh phÃºc.Ä‘ang á»Ÿ quÃª háº£ luÃ´n chÃºc bÃ¬nh yÃªn con nhÃ©"
4,TÃ¢n Duy Äá»—,â¤ï¸â¤ï¸â¤ï¸â¤ï¸â¤ï¸â¤ï¸
5,Giang SÆ¡n LÃª,ChÃºc em ngÃ y má»›i bÃ¬nh an vÃ  luÃ´n máº¡nh máº½ .
6,Tráº§n Thá»‹ Ngá»c Nga,ChÃºc em máº¡nh khá»e vui váº» háº¡nh phÃºc an láº¡c
7,NguyÃªn Äinh KiÃªn,"ChÃºc chÃ¡u luÃ´n tÆ°Æ¡i vui khá»e máº¡nh bÃ¬nh an háº¡nh phÃºc bÃªn nhau suá»‘t Ä‘á»i.
LuÃ´n lÃ  dong ca tÃ¬nh cáº£m Ä‘áº§y yÃªu thÆ°Æ¡ng cá»§a má»i ngÆ°á»i."
8,KhÃ¡nh Nguyá»…n KhÃ¡nh Nguyá»…n,ChÃºc gia Ä‘Ã¬nh em tháº­t nhiá»u sá»©c khá»e vÃ  luÃ´n háº¡nh phÃºc vÃ  áº¥m Ã¡p vÃ  an toÃ n trong mÃ¹a Dá»‹ch bá»‡nh ğŸ™ğŸ™ğŸ…ğŸ™ğŸ™ğŸ…ğŸ…ğŸ˜ğŸ™ğŸ™ğŸ™ğŸ™ğŸ…
9,ChÃ¢u Há»“ng,ChÃºc chá»‹ luÃ´n xinh Ä‘áº¹p vÃ  háº¡nh phÃºc. YÃªu thÆ°Æ¡ng chá»‹
10,Hoang Thi Kim Lien,chÃºc gia Ä‘Ã¬nh em sá»©c khá»e dá»“i dÃ o trÃ n Ä‘áº§y háº¡nh phÃºc ngá»t ngÃ o yÃªu thÆ°Æ¡ng
11,Nguyá»…n XuyÃªn,chuÌc gÄ‘ nhiÃªÌ€u sÆ°Ìc khoÌ‰e. chuÌng em luÃ´n yÃªu mÃªÌn chiÌ£ thuÌ‰y tiÃªn
12,Nguyá»…n LÃ¢m Nguyá»…n LÃ¢m,ChÃºc má»«ng vá»£ chá»“ng Anh CÃ´ng Vinh -Thá»§y TiÃªn chÃºc gÄ‘ luÃ´n sá»©c khá»e áº¡
13,Nguyá»…n Thu HÃ ,"Tuyá»‡t vá»i ! ChÃºc em vÃ  gia Ä‘Ã¬nh nhá» luÃ´n vui váº» , háº¡nh phÃºc vÃ  thÃ nh cÃ´ng !!!"
14,Minh Há»“ng,ChÃºc gia Ä‘Ã¬nh chÃ¡u luÃ´n bÃ¬nh an nhÃ©
15,Trang Huynh,"ChÃºc gia Ä‘Ã¬nh TiÃªn, bÃ¬nh an háº¡nh phÃºc!"
16,LÃª Äiá»‡p,"ChÃºc Hai ChÃ¡u luÃ´n vui khoáº», háº¡nh phÃºc"
17,Nguyá»…n ThiÃªn PhÃºc,"ChÃºc báº¡n tháº­t nhiá»u sá»©c khá»e ,háº¡nh phÃºc ,bÃ¬nh an nhÃ©"
18,Nguyá»…n ÄÃ o,ChÃºc chÃ¡u cÃ³ nhiá»u sá»©c khá»e van sá»± BÃ¬nh an
19,Sen Phan,ChÃºc má»«ng gia Ä‘Ã¬nh em chÃºc em máº¡nh khá»e háº¡nh phÃºc vÃ  bÃ¬nh an nhÃ©
20,Nhuan Dao,"ChÃºc gia Ä‘Ã¬nh anh chá»‹ tháº­t nhiá»u sá»©c khá»e, Ä‘á»ƒ giÃºp Ä‘á»¡ má»i ngÆ°á»i a."
21,Lan Thai,Chuc c va gÄ‘ luÃ´n manh khoáº» mÃ£i xinh Ä‘áº¹p hp
22,Khac Vu,Thá»§y tiÃªn Ä‘áº¹p láº¯m con ngÆ°á»i vÃ  tÃ¢m há»“n
23,TÃ¢m Há»“,ChÃºc TiÃªn vÃ  gÄ‘ nhiá»u sá»©c khoáº» luÃ´n an láº¡c bÃ¬nh an trong cuá»™c sá»‘ng
24,Chung Nguyen,Äáº¹p quÃ¡ chá»‹ oi. ChÃºc gd chá»‹ cÃ³ tháº­t nhiá»u sá»©c khá»e
25,Cao BinhMinh,Chá»‹ chÃºc cáº£ nhÃ  em nhiá»u sá»©c khá»e vÃ  HP â¤ï¸â¤ï¸â¤ï¸
26,ThÃºy Ãi TrÃ¢n,"ChÃºc gia Ä‘Ã¬nh nhá» cá»§a con tháº­t háº¡nh phÃºc, ngÆ°á»¡ng má»™ VC con láº¯m"
27,Nguyá»…n Hiá»n,Äáº¹p vÃ  yÃªn bÃ¬nh quÃ¡ ngÆ°á»i Ä‘áº¹p Æ¡i..ğŸ‘‰ğŸ‘ DÃ¢u xá»© nghá»‡ nhÃ  ta hÃ¨y...ChÃºc vc CVTT LuÃ´n trÃ n Ä‘áº§y nÄƒng lÆ°á»£ng nhÃ©..â¤ï¸ğŸ‘
28,Diá»‡u Linh,ChÃºc chá»‹ Ä‘Æ°á»£c nhiá»u sá»©c khá»e vÃ  xinh Ä‘áº¹p chá»‹ nha
29,TÃ­nh ÄoÃ n,ChÃ o em nhÃ©. ChÃºc gia Ä‘Ã¬nh háº¡nh phÃºc
30,Nguyá»…n Thá»‹ HÆ°Æ¡ng,ChÃºc gia Ä‘Ã¬nh mÃ¬nh máº¡nh khá»e háº¡nh phÃºc bÃ¬nh an thÃ nh cÃ´ng trÃªn con Ä‘Æ°á»ng mÃ¬nh Ä‘ang Ä‘i vÃ  Ä‘áº¿n em nhÃ©
31,Giáº£i quyáº¿t dá»©t Ä‘iá»ƒm má»i váº¥n Ä‘á» vá» rÄƒng miá»‡ng- hÃ´i miá»‡ng,ChÃºc chá»‹ vÃ  gia Ä‘Ã¬nh luÃ´n bÃ¬nh an
32,Binh Nguyen,"ChÃºc CÃ´ng Vinh, Thuá»· TiÃªn luÃ´n máº¡nh khoáº», háº¡nh phÃºc"
33,Hoa Hoa Cáº£i Tráº¯ng,"ChÃºc cÃ´ TiÃªn mai xinh Ä‘áº¹p, nhá» nháº¯n vÃ  háº¡nh phÃºc."
34,Tráº§n Thá»‹ Na,ChÃºc gia Ä‘Ã¬nh chá»‹ luÃ´n vui váº» khá»e máº¡nh nhÃ©
35,Quáº¿ DÆ°Æ¡ng,ChÃºc e luÃ´n xinh Ä‘áº¹p khoáº» máº¡nh vÃ  hp má»•i ngÃ y
36,Nhung Há»“ng,ChÃºc chá»‹ luÃ´n máº¡nh khá»e vÃ  hp
37,Dung Huynh,ChÃºc chá»‹ vÃ  GÄ luÃ´n luÃ´n khá»e mÃ£i mÃ£i tÆ°Æ¡i Ä‘áº¹p nhÃ©
38,Há»“ng TÃ­m,ChÃºc báº¡n luÃ´n luÃ´n háº¡nh phÃºc vÃ  máº¡nh khÃ©o nhÃ© â¤ï¸
39,Ã¡o cÆ°á»›i hiá»n lÆ°Æ¡ng,YÃªu thÆ°Æ¡ng láº¯m chá»‹ yÃªu áº¡
40,Dao Lan,ChÃºc em luÃ´n luÃ´n máº¡nh khá»e vÃ  háº¡nh phÃºc
41,Theresa Lee,Khi ngÆ°á»i ta quÃ¡ nhiá»u thá»© cáº§n buÃ´ng bá» thÃ¬ cá»­a thiá»n mÃ´n lÃ  nÆ¡i mÃ¬nh muá»‘n Ä‘Æ°á»£c vá» vÃ¬ á»Ÿ Ä‘Ã³ luÃ´n cáº£m tháº¥y Ä‘Æ°á»£c háº¡nh phÃºc vÃ  bÃ¬nh an.
42,Nguyá»…n Thá»‹ HoÃ n,chuÌc em sÆ°Ìc khoÌ‰e dÃ´Ì€i daÌ€o vaÌ€ vui veÌ‰ vaÌ€ haÌ£nh phuÌc vaÌ€ luÃ´n luÃ´n laÌ£c quan yÃªu Ä‘Æ¡Ì€i vaÌ€ biÌ€nh an nheÌ em
43,Kim Thoa,Gia Ä‘iÌ€nh em chuÌc chiÌ£ luÃ´n luÃ´n maÌ£nh khoÌ‰e luÃ´n luÃ´n vui veÌ‰ luÃ´n luÃ´n haÌ£nh phuÌc luÃ´n luÃ´n thaÌ€nh cÃ´ng trong viÃªÌ£c caÌ‰m Æ¡n chiÌ£ Ä‘aÌƒ cÆ°Ìu gia Ä‘iÌ€nh em chiÌ£ nhÆ¡Ì kg chiÌ£ duÌp em Ä‘oÌ chÃ´Ì€ng biÌ£ ung thÆ° coÌ€n coÌ 5 Ä‘Æ°Ìa con nhoÌ‰ coÌ€n em biÌ£ bÆ°u cÃ´Ì‰ Ä‘oÌ chiÌ£ meÌ£ con em mang Æ¡n chiÌ£ nhiÃªÌ€u lÄƒÌm
44,Chu Thuáº­n,ChÃºc gia Ä‘Ã¬nh em luÃ´n máº¡nh khá»e bÃ¬nh an HP vÃ  lÃ m nhiá»u viá»‡c thiá»‡n nguyá»‡n giÃºp Ä‘á»¡ bÃ  con tháº­t lÃ²ng chá»‹ luÃ´n theo dÃµi vÃ  ngÆ°á»¡ng má»™ ğŸ˜ ğŸ˜ ğŸ˜˜ â¤ â¤ â¤ â¤ â¤ vá»£ chá»“ng em
45,Thi Doan Thuan Tran,"ChÃºc chÃ¡u luÃ´n máº¡nh khá»e vÃ  háº¡nh phÃºc, ngÆ°á»i dÃ¢n nghÃ¨o khÃ´ng bao giá» quÃªn Æ¡n chÃ¡u â™¥ï¸"
46,Nguyá»…n Hung,"TÃ´i sinh ra á»Ÿ miá»n Trung Ä‘Ã£ 70 nÄƒm chá»©ng kiáº¿n bao nhiÃªu mÃ¹a thiÃªn tai bÃ£o lÅ©, ngÃ y cÃ ng tÃ n khá»‘c vÃ  du doi hÆ¡n, pháº£i chÄƒng do con ngÆ°á»i tÃ n phÃ¡, há»§y hoáº¡i mÃ´i trÆ°á»ng,, xÃ£ khÃ­ thÃ¡i nhÃ  kÃ­nh lÃ m nhiá»‡t Ä‘á»™ trÃ¡i Ä‘áº¥t áº¥m lÃªn, báº±ng tan nÆ°á»›c biá»ƒn dÃ¢ng khai thÃ¡c tÃ i nguyÃªn thiÃªn nhiÃªn vÃ´ tá»™i váº¡ lÃ m cho máº¹ then nhiÃªn ná»•i giáº­n nÃªn háº±ng nÄƒm miá»n Trung quÃª tÃ´i pháº£i oáº±n mÃ¬nh gÃ¡nh chá»‹u tan thÆ°Æ¡ng vÃ  máº¥t mÃ¡t"
47,ThÃºy LÆ°Æ¡ng,"THÆ¯Æ NG CHÃšC TT.THÃ‚N TÃ‚M AN Láº C ,GIA QUYáº¾N AN YÃŠN, Sá»¨C KHá»E Dá»’I DÃ€O, CÃT TÆ¯á»œNG NHÆ¯ Ã....."
48,Tráº§n Minh,"ChÃºc gia Ä‘Ã¬nh em má»™t nÄƒm má»›i muÃ´n Ä‘iá»u nhÆ° Ã½, má»i cÃ´ng viá»‡c thÃ nh cÃ´ng tá»‘t Ä‘áº¹p nháº¥t nhÃ© em!"
49,Pháº¡m Lan Nhi,ChÃºc chá»‹ vÃ  gia Ä‘Ã¬nh luÃ´n vui váº» háº¡nh phÃºc. YÃªu quÃ½ chá»‹ nhiá»u
50,Nhung Nguyá»…n,37 Nghá»‡ An kÃ­nh chÃºc a chá»‹ luÃ´n vv hp vÃ  may máº¯n..luÃ´n y thÆ°Æ¡ng a chá»‹ áº¡â¤ï¸â¤ï¸â¤ï¸!!!
